name,link_path,functional_areas
HBCU Faculty Development Network,http://www.hbcufdn.org/,"Academic Affairs,Policy, Government, and Other Organizations"
University Council for Educational Administration,http://www.ucea.org,"Policy, Government, and Other Organizations"
National Association for Colleges and University Business Officers (NACUBO),http://www.nacubo.org/,Central Administration
Association of American Colleges and Universities (AAC&U),http://www.aacu.org/,"Central Administration,Policy, Government, and Other Organizations"
Council for Advancement and Support of Education (CASE),http://www.case.org/,"Policy, Government, and Other Organizations"
Consortium on Financing Higher Education (COFHE),http://web.mit.edu/cofhe/,"Central Administration,Policy, Government, and Other Organizations"
National Association of Independent Colleges and Universities (NAICU),http://www.naicu.edu/,"Policy, Government, and Other Organizations"
Association of Governing Boards (AGB),http://agb.org/,Central Administration
The Global Community for Academic Advising (NACADA),http://www.nacada.ksu.edu/,"Academic Affairs,Student Affairs"
American Educational Research Association (AERA),http://www.aera.net/,"Academic Affairs,Alumni Relations & Development,Central Administration,Enrollment Management,Policy, Government, and Other Organizations,Student Affairs"
EDUCAUSE,http://www.educause.edu/,"Academic Affairs,Central Administration"
Carnegie Foundation for the Advancement of Teaching,http://www.carnegiefoundation.org/,Academic Affairs
ACPA (College Student Educators International),http://www.myacpa.org/,Student Affairs
Commision for Academic Support in Higher Education (CASHE),http://www.myacpa.org/commashe,Academic Affairs
NASPA: Student Affairs Administrators in Higher Education (NASPA),http://www.naspa.org/,Student Affairs
The National Center for Public Policy and Higher Education,http://highereducation.org/,"Policy, Government, and Other Organizations"
ACE The American Council on Education,http://www.acenet.edu/Pages/default.aspx,"Academic Affairs,Policy, Government, and Other Organizations"
National Association for Graduate Enrollment Management (NAGAP),http://www.nagap.org/about-nagap,Enrollment Management
National Association for College Admission Counseling (NACAC),http://www.nacacnet.org/Pages/default.aspx,Enrollment Management
American Association of Collegiate Registrars and Admissions (AACRAO),http://www.aacrao.org/,"Enrollment Management,Student Affairs"
National Association of Colleges and Employers (NACE),http://www.naceweb.org/,Student Affairs
National Association of Student Affairs Professionals (NASAP),http://www.nasap.net/,Student Affairs
National Association of Collegiate Directors of Athletics (NACDA),http://www.nacda.com/,Student Affairs
National Association of Collegiate Women (NACWAA),https://www.nacwaa.org/,Student Affairs
National Career Development Association (NCDA),http://www.ncda.org/aws/NCDA/pt/sp/home_page,Student Affairs
Institute of International Education,http://www.iie.org/,Student Affairs
NAFSA: Association of International Educators (NAFSA),http://www.nafsa.org/,Student Affairs
The Forum on Education Abroad,https://forumea.org/,"Student Affairs,Policy, Government, and Other Organizations"
International Educators of Illinois (IEI),http://ieillinois.org/iei/,Student Affairs
National Association of College and University Residence Halls,http://www.nacurh.org/,Student Affairs
American Association of Community Colleges (AACC),http://www.aacc.nche.edu/Pages/default.aspx,"Central Administration,Policy, Government, and Other Organizations"
American Association of University Women (AAUW),http://www.aauw.org/,"Student Affairs,Academic Affairs,Alumni Relations & Development,Central Administration,Enrollment Management,Policy, Government, and Other Organizations"
American Counseling Association (ACA),https://www.counseling.org/,Student Affairs
Association of College Unions (ACUI),http://www.acui.org/,Student Affairs
Association of College and University Housing Officers--International (ACUHO),http://www.acuho-i.org/home/portalid/0,Student Affairs
American College Counseling Association (ACCA),http://www.collegecounseling.org/,Student Affairs
Association of Fraternity Advisors (AFA),http://www.afa1976.org/,Student Affairs
Association of Higher Education and Disability (AHEAD),https://www.ahead.org/,"Student Affairs,Policy, Government, and Other Organizations"
Association of Public and Land-grant Universities (APLU),http://www.aplu.org/,"Central Administration,Policy, Government, and Other Organizations"
Association for Student Conduct Administration (ASCA),http://www.theasca.org/,Student Affairs
Association for the Study of Higher Education (ASHE),http://www.ashe.ws/,"Academic Affairs,Alumni Relations & Development,Central Administration,Enrollment Management,Policy, Government, and Other Organizations,Student Affairs"
Association for University and College Counseling Center Directors (AUCCCD),http://www.aucccd.org/,Student Affairs
Jesuit Association of Student Personnel Administrators (JASPA),http://jaspa.orgsync.com/,Student Affairs
National Association of Campus Activities (NACA),https://www.naca.org/Pages/default.aspx,Student Affairs
National Academic Advising Association (NACADA),https://www.nacada.ksu.edu/,"Academic Affairs,Student Affairs"
National Association of Student Financial Aid Administrators (NASFAA),https://www.nasfaa.org/,Student Affairs
National Intramural-Recreational Sports Association (NIRSA),http://nirsa.net/nirsa/,Student Affairs
National Orientation Directors Association (NODA),http://www.nodaweb.org/,Student Affairs